"SYMBOL","COMPANY NAME","SUBJECT","DETAILS","BROADCAST DATE/TIME","RECEIPT","DISSEMINATION","DIFFERENCE","ATTACHMENT"
"CYBERMEDIA","Cyber Media (India) Limited","Copy of Newspaper Publication","Cyber Media (India) Limited has informed the Exchange about Copy of Newspaper Publication","25-Jan-2026 22:41:36","2026-01-25 22:41:36","25-Jan-2026 22:41:37","00:00:01","https://nsearchives.nseindia.com/corporate/CYBERMEDIA_25012026224121_cmilNPad.pdf"
"MEDPLUS","Medplus Health Services Limited","General Updates","Update under Regulation 30 read with Para A Part A of Schedule III of SEBI (Listing Obligations and Disclosure Requirements) Regulations, 2015","25-Jan-2026 21:53:30","2026-01-25 21:53:30","25-Jan-2026 21:53:31","00:00:01","https://nsearchives.nseindia.com/corporate/MEDPLUS_25012026215046_Intimation.pdf"
"POWERGRID","Power Grid Corporation of India Limited","Change in Management","Power Grid Corporation of India Limited has informed the Exchange about change in Senior Management","25-Jan-2026 21:52:24","2026-01-25 21:52:24","25-Jan-2026 21:52:25","00:00:01","https://nsearchives.nseindia.com/corporate/POWERGRID1_25012026215207_BSENSEReg30PROMOTIONsigned.pdf"
"POWERGRID","Power Grid Corporation of India Limited","Outcome of Board Meeting","Power Grid Corporation of India Limited has informed the Exchange regarding Outcome of Board Meeting held on January 25, 2026.","25-Jan-2026 21:43:58","2026-01-25 21:43:58","25-Jan-2026 21:43:58","00:00:00","https://nsearchives.nseindia.com/corporate/POWERGRID1_25012026214345_BSENSEReg30PROMOTIONsigned.pdf"
"JPASSOCIAT","Jaiprakash Associates Limited","Updates","Jaiprakash Associates Limited has informed the Exchange regarding ''.","25-Jan-2026 21:15:39","2026-01-25 21:15:39","25-Jan-2026 21:15:40","00:00:01","https://nsearchives.nseindia.com/corporate/JPASSOCIAT_25012026211446_Intimation_under_Regulation_30_of_the_SEBI_LODR.pdf"
"IFBIND","IFB Industries Limited","Copy of Newspaper Publication","IFB Industries Limited has informed the Exchange about Copy of Newspaper Publication","25-Jan-2026 18:19:07","2026-01-25 18:19:07","25-Jan-2026 18:19:08","00:00:01","https://nsearchives.nseindia.com/corporate/IFBIND1_25012026181854_Newspaper_25-01-2026.pdf"
"BEARDSELL","Beardsell Limited","Certificate under SEBI (Depositories and Participants) Regulations, 2018","Beardsell Limited has informed the Exchange about Compliance certificate pursuant to Regulation 74(5) of the SEBI (Depository and Participant) Regulations, 2018","25-Jan-2026 18:15:06","2026-01-25 18:15:06","25-Jan-2026 18:15:07","00:00:01","https://nsearchives.nseindia.com/corporate/BEARDSELL_25012026181439_Reg74_5_DPRegulation_Dec2025.pdf"
"STYLAMIND","Stylam Industries Limited","Copy of Newspaper Publication","Newspaper Advertisement  Financial Results","25-Jan-2026 17:31:05","2026-01-25 17:31:05","25-Jan-2026 17:31:06","00:00:01","https://nsearchives.nseindia.com/corporate/STYLAMIND_25012026173047_Intimation_Newspaper_Publication.pdf"
"EVERESTIND","Everest Industries Limited","General Updates","We would like to inform you that while we had estimated and intimated you on August 29, 2025 and October 27, 2025, regarding the estimated sale of our land at Podanur to be concluded today, we would like to inform you that the timeline for the execution of the sale deed has been extended till March 31, 2026 based on the progress of the needed government approvals, and have been mutually agreed between the Company and G Square Realtors Private Limited.This intimation is given pursuant to Regulation 30 of the Securities and Exchange Board of India (Listing Obligations and Disclosure Requirements) Regulations, 2015.This is for your information and records.","25-Jan-2026 16:32:11","2026-01-25 16:32:11","25-Jan-2026 16:32:12","00:00:01","https://nsearchives.nseindia.com/corporate/EVERESTINDUSTRIES_25012026163137_Intimationontimelineextension.pdf"
"AADHARHFC","Aadhar Housing Finance Limited","General Updates","Aadhar Housing Finance Limited has informed the Exchange about General Updates","25-Jan-2026 16:15:51","2026-01-25 16:15:51","25-Jan-2026 16:15:52","00:00:01","https://nsearchives.nseindia.com/corporate/AHFL2021_25012026161229_combine_file.pdf"
"UCOBANK","UCO Bank","Updates","UCO Bank has informed the Exchange regarding 'Notice of Strike by UFBU'.","25-Jan-2026 15:52:45","2026-01-25 15:52:45","25-Jan-2026 15:52:46","00:00:01","https://nsearchives.nseindia.com/corporate/UCOBANK_25012026155236_NSEBSESTRIKE.pdf"
"AVANTEL","Avantel Limited","Outcome of Board Meeting","Avantel Limited has submitted to the Exchange, the financial results for the period ended December 31, 2025.","25-Jan-2026 15:09:58","2026-01-25 15:09:58","25-Jan-2026 15:09:59","00:00:01","https://nsearchives.nseindia.com/corporate/AVANTEL_25012026150610_Outcome25012026.pdf"
"MEDIASSIST","Medi Assist Healthcare Services Limited","Copy of Newspaper Publication","Medi Assist Healthcare Services Limited has informed the Exchange about Copy of Newspaper Publication","25-Jan-2026 14:55:32","2026-01-25 14:55:32","25-Jan-2026 14:55:33","00:00:01","https://nsearchives.nseindia.com/corporate/MEDIASSIST_25012026145518_MAHSIntimationonnewspaperadvertisment1SD.PDF"
"ONESOURCE","Onesource Specialty Pharma Limited","Copy of Newspaper Publication","Onesource Specialty Pharma Limited has informed the Exchange about Copy of Newspaper Publication of the unaudited financial results for the quarter ended December 31, 2025.","25-Jan-2026 14:48:45","2026-01-25 14:48:45","25-Jan-2026 14:48:46","00:00:01","https://nsearchives.nseindia.com/corporate/ONESOURCECDMO_25012026144835_OS_Newspaper_Adv_Q3FY26.pdf"
"JPPOWER","Jaiprakash Power Ventures Limited","Fraud/Default/Arrest","Jaiprakash Power Ventures Limited has informed the Exchange about Fraud/Default/Arrest","25-Jan-2026 14:33:39","2026-01-25 14:33:39","25-Jan-2026 14:33:40","00:00:01","https://nsearchives.nseindia.com/corporate/JPPOWER_25012026143156_JPVL_Regu30_25012026.pdf"
"SHYAMMETL","Shyam Metalics and Energy Limited","Copy of Newspaper Publication","Shyam Metalics And Energy Limited has informed the Exchange about Copy of Newspaper Publication","25-Jan-2026 14:30:57","2026-01-25 14:30:57","25-Jan-2026 14:30:58","00:00:01","https://nsearchives.nseindia.com/corporate/SHYAMMETL_25012026143046_SMELNewspaperPublication.pdf"
"AVANTEL","Avantel Limited","Outcome of Board Meeting","Avantel Limited has informed the Exchange regarding Un-Audited Financial Results For The Third Quarter Ended December 31, 2025","25-Jan-2026 14:16:00","2026-01-25 14:16:00","25-Jan-2026 14:16:01","00:00:01","https://nsearchives.nseindia.com/corporate/AVANTEL_25012026140620_Outcome25012026.pdf"
"CANBK","Canara Bank","Updates","Canara Bank has informed the Exchange regarding 'Notice of Strike'.","25-Jan-2026 13:35:50","2026-01-25 13:35:50","25-Jan-2026 13:35:51","00:00:01","https://nsearchives.nseindia.com/corporate/CANBK_25012026133537_strikeintimation.pdf"
"UDS","Updater Services Limited","General Updates","Updater Services Limited has informed the Exchange about General Updates","25-Jan-2026 12:54:53","2026-01-25 12:54:53","25-Jan-2026 12:54:54","00:00:01","https://nsearchives.nseindia.com/corporate/COMPLIANCEOFFICERUDS_25012026125357_UDS-Tamil_Nadu_-Order_Intimation.pdf"
"RELTD","Ravindra Energy Limited","General Updates","Ravindra Energy Limited has informed the Exchange about Revised General Updates","25-Jan-2026 12:26:06","2026-01-25 12:26:06","25-Jan-2026 12:26:07","00:00:01","https://nsearchives.nseindia.com/corporate/RAVINDRA_25012026122447_3Q_-_General_Business_update-.pdf"
"DPABHUSHAN","D. P. Abhushan Limited","Analysts/Institutional Investor Meet/Con. Call Updates","D. P. Abhushan Limited has informed the Exchange about","25-Jan-2026 11:50:17","2026-01-25 11:50:17","25-Jan-2026 11:50:17","00:00:00","https://nsearchives.nseindia.com/corporate/DPABHUSHAN_25012026114732_Intimation_under_Regulation_30_S.pdf"
"KANSAINER","Kansai Nerolac Paints Limited","Copy of Newspaper Publication","Newspaper publication in Free Press Journal (English) and Navshakti (Marathi) today i.e. 25th January, 2026 with respect to NCLT convened Meeting of Equity Shareholders of Kansai Nerolac Paints Limited to be held on 27th February, 2026 at 11 a.m. (IST) through Video Conferencing / Other Audio Visual Means is enclosed herewith.","25-Jan-2026 11:32:53","2026-01-25 11:32:53","25-Jan-2026 11:32:54","00:00:01","https://nsearchives.nseindia.com/corporate/KANSAINER_25012026113055_SEIntimation-NewspaperPublication-25012026-Signed.pdf"
"PARADEEP","Paradeep Phosphates Limited","Action(s) taken or orders passed","Paradeep Phosphates Limited has informed the Exchange about - Receipt of Seizure Memo from the customs Department.","25-Jan-2026 11:32:23","2026-01-25 11:32:23","25-Jan-2026 11:32:24","00:00:01","https://nsearchives.nseindia.com/corporate/PPLTD_25012026112903_Intimation_on_seizure_.pdf"
"ADANIGREEN","Adani Green Energy Limited","Updates","Adani Green Energy Limited has informed the Exchange regarding 'Operationalization of Project'.","25-Jan-2026 10:58:09","2026-01-25 10:58:09","25-Jan-2026 10:58:10","00:00:01","https://nsearchives.nseindia.com/corporate/ADANIGREEN_25012026105707_Letters.pdf"
"NEWGEN","Newgen Software Technologies Limited","Analysts/Institutional Investor Meet/Con. Call Updates","Newgen Software Technologies Limited has informed the Exchange about Transcript","25-Jan-2026 10:43:50","2026-01-25 10:43:50","25-Jan-2026 10:43:52","00:00:02","https://nsearchives.nseindia.com/corporate/NEWGEN2_25012026104304_Transcript.pdf"
"JTLIND","JTL INDUSTRIES LIMITED","Analysts/Institutional Investor Meet/Con. Call Updates","JTL INDUSTRIES LIMITED has informed the Exchange about Link of Recording","25-Jan-2026 09:45:05","2026-01-25 09:45:05","25-Jan-2026 09:45:06","00:00:01","https://nsearchives.nseindia.com/corporate/JTLIND_25012026094432_InvestorCallRecording24012025.pdf"
"SARVESHWAR","Sarveshwar Foods Limited","Forfeiture","Sarveshwar Foods Limited has informed the Exchange about Intimation Regarding Lapse Of Warrants And Forfeiture Of Upfront Amount.","25-Jan-2026 09:06:07","2026-01-25 09:06:07","25-Jan-2026 09:06:09","00:00:02","https://nsearchives.nseindia.com/corporate/SARVESHWAR_25012026090512_Intimation_under_Reg_30_Forfeiture_signed.pdf"
"BHEL","Bharat Heavy Electricals Limited","Change in Management","Bharat Heavy Electricals Limited has informed the Exchange about change in Management","25-Jan-2026 08:56:42","2026-01-25 08:56:42","25-Jan-2026 08:56:42","00:00:00","https://nsearchives.nseindia.com/corporate/BHELCC_25012026085605_BHELChangeinManagement.pdf"
"RELINFRA","Reliance Infrastructure Limited","Resignation of Statutory Auditor","RELIANCE INFRASTRUCTURE LIMITED has informed the Exchange about Resignation of Statutory Auditor","24-Jan-2026 23:59:57","2026-01-24 23:59:57","24-Jan-2026 23:59:58","00:00:01","https://nsearchives.nseindia.com/corporate/RELINFRA_ROSA_76433_KMP_Doc.zip"
"INDIACEM","The India Cements Limited","Analysts/Institutional Investor Meet/Con. Call Updates","The India Cements Limited has informed the Exchange about Link of Recording","24-Jan-2026 22:38:45","2026-01-24 22:38:45","24-Jan-2026 22:38:46","00:00:01","https://nsearchives.nseindia.com/corporate/INDIACEM_24012026223740_SEsearningscalloutcome24012026sd.pdf"
"ULTRACEMCO","UltraTech Cement Limited","Analysts/Institutional Investor Meet/Con. Call Updates","UltraTech Cement Limited has informed the Exchange about Link of Recording","24-Jan-2026 22:28:38","2026-01-24 22:28:38","24-Jan-2026 22:28:40","00:00:02","https://nsearchives.nseindia.com/corporate/ULTRACEMCO_24012026222828_CoveringLetterEarningscallaudio.pdf"
"SBFC","SBFC Finance Limited","Analysts/Institutional Investor Meet/Con. Call Updates","Sbfc Finance Limited has informed the Exchange about Link of Recording","24-Jan-2026 22:24:12","2026-01-24 22:24:12","24-Jan-2026 22:24:12","00:00:00","https://nsearchives.nseindia.com/corporate/SBFC_24012026222342_AudioRecording.pdf"
"RELINFRA","Reliance Infrastructure Limited","Change in Auditors","Reliance Infrastructure Limited has informed the Exchange regarding Change in Auditors of the company.","24-Jan-2026 22:20:18","2026-01-24 22:20:18","24-Jan-2026 22:20:19","00:00:01","https://nsearchives.nseindia.com/corporate/RELINFRA_24012026221930_SEdisclosureAuditorsresignation24012026.pdf"
"SCHNEIDER","Schneider Electric Infrastructure Limited","Action(s) taken or orders passed","Schneider Electric Infrastructure Limited has informed the Exchange about Action(s) taken or orders passed","24-Jan-2026 21:46:56","2026-01-24 21:46:56","24-Jan-2026 21:46:57","00:00:01","https://nsearchives.nseindia.com/corporate/SCHNEIDER_24012026214644_OrderIntimation.pdf"
"SONACOMS","Sona BLW Precision Forgings Limited","Copy of Newspaper Publication","Sona Blw Precision Forgings Limited has informed the Exchange about Copy of Newspaper Publication","24-Jan-2026 21:44:09","2026-01-24 21:44:09","24-Jan-2026 21:44:11","00:00:02","https://nsearchives.nseindia.com/corporate/SONACOMS_24012026214321_Newspapernotice.pdf"
"SYNGENE","Syngene International Limited","Copy of Newspaper Publication","Syngene International Limited has informed the Exchange about Copy of Newspaper Publication","24-Jan-2026 21:43:58","2026-01-24 21:43:58","24-Jan-2026 21:43:59","00:00:01","https://nsearchives.nseindia.com/corporate/SYNGENE2_24012026214321_NewspaperAdBMFinResultsQ3FY26_SIGNED.pdf"
"ADANIGREEN","Adani Green Energy Limited","Updates","Adani Green Energy Limited has informed the Exchange regarding 'Update'.","24-Jan-2026 21:37:06","2026-01-24 21:37:06","24-Jan-2026 21:37:07","00:00:01","https://nsearchives.nseindia.com/corporate/ADANIGREEN_24012026213629_Letters.pdf"
"NORTHARC","Northern Arc Capital Limited","Shareholders meeting","Northern Arc Capital Limited has submitted the Exchange a copy Srutinizers report of  Postal Ballot. Further, the company has informed the Exchange regarding voting results.","24-Jan-2026 21:30:42","2026-01-24 21:30:42","24-Jan-2026 21:30:43","00:00:01","https://nsearchives.nseindia.com/corporate/NACL2020_24012026212951_NAC_Postalballotresults_SD.pdf"
"STALLION","Stallion India Fluorochemicals Limited","General Updates","Stallion India Fluorochemicals Limited has informed the Exchange about General Updates","24-Jan-2026 21:27:05","2026-01-24 21:27:05","24-Jan-2026 21:27:06","00:00:01","https://nsearchives.nseindia.com/corporate/STALLION_24012026212657_IntimationforsubmissionofDLOFSigned.pdf"
"NLCINDIA","NLC India Limited","General Updates","NLC India Limited has informed the Exchange about General Updates","24-Jan-2026 21:03:07","2026-01-24 21:03:07","24-Jan-2026 21:03:08","00:00:01","https://nsearchives.nseindia.com/corporate/NLCINDIA_24012026210250_Intimationtostockexchnage300MW.pdf"
"GANDHAR","Gandhar Oil Refinery (India) Limited","Updates","Gandhar Oil Refinery (India) Limited has informed the Exchange regarding 'Communication to Shareholders-Intimation of Tax Deduction on Interim Dividend'.","24-Jan-2026 20:54:48","2026-01-24 20:54:48","24-Jan-2026 20:54:49","00:00:01","https://nsearchives.nseindia.com/corporate/GANDHAROIL_24012026205412_Signed.pdf"
"GANDHAR","Gandhar Oil Refinery (India) Limited","Copy of Newspaper Publication","Gandhar Oil Refinery (India) Limited has informed the Exchange about Copy of Newspaper Publication","24-Jan-2026 20:49:54","2026-01-24 20:49:54","24-Jan-2026 20:49:56","00:00:02","https://nsearchives.nseindia.com/corporate/GANDHAROIL_24012026204911_Newspaper_Advertisement_1.pdf"
"IFBIND","IFB Industries Limited","Resignation","IFB Industries Limited has informed the Exchange regarding Resignation of  M/s. Shome & Banerjee, Cost Accountants  as Other of the company w.e.f. January 24, 2026.","24-Jan-2026 20:48:26","2026-01-24 20:48:26","24-Jan-2026 20:48:27","00:00:01","https://nsearchives.nseindia.com/corporate/IFBIND_24012026204810_Resignation_Cost_Auditor_U.pdf"
"JARO","Jaro Institute of Technology Management and Research Limited","Shareholders meeting","Jaro Institute of Technology Management and Research Limited has informed the Exchange regarding Notice of Postal Ballot","24-Jan-2026 20:44:52","2026-01-24 20:44:52","24-Jan-2026 20:44:53","00:00:01","https://nsearchives.nseindia.com/corporate/JARO2024_24012026204400_Stock_Exchange_Intimation.pdf"
"IFBIND","IFB Industries Limited","Change in Director(s)","IFB Industries Limited has informed the Exchange regarding Change in Director(s) of the company.","24-Jan-2026 20:42:19","2026-01-24 20:42:19","24-Jan-2026 20:42:20","00:00:01","https://nsearchives.nseindia.com/corporate/IFBIND_24012026204210_Outcome_Cover_U.pdf"
"RUDRA","Rudra Global Infra Products Limited","Certificate under SEBI (Depositories and Participants) Regulations, 2018","Rudra Global Infra Products Limited has informed the Exchange about Certificate under SEBI (Depositories and Participants) Regulations, 2018","24-Jan-2026 20:39:11","2026-01-24 20:39:11","24-Jan-2026 20:39:12","00:00:01","https://nsearchives.nseindia.com/corporate/RUDRA_24012026203845_Certifciate_74_31122025.pdf"
"CHENNPETRO","Chennai Petroleum Corporation Limited","Press Release","Chennai Petroleum Corporation Limited has informed the Exchange regarding a press release dated January 24, 2026, titled ""CPCL s Financial Performance for the quarter ended 31.12.2025"".","24-Jan-2026 20:38:09","2026-01-24 20:38:09","24-Jan-2026 20:38:10","00:00:01","https://nsearchives.nseindia.com/corporate/CHENNPETRO_24012026203800_Reg30_-_Press_Release.pdf"
"IFBIND","IFB Industries Limited","Outcome of Board Meeting","IFB Industries Limited has submitted to the Exchange, the financial results for the period ended December 31, 2025.","24-Jan-2026 20:27:50","2026-01-24 20:27:50","24-Jan-2026 20:27:52","00:00:02","https://nsearchives.nseindia.com/corporate/IFBIND_24012026202637_Result_Upload_24_01_2026_U.pdf"
"KOTAKBANK","Kotak Mahindra Bank Limited","Analysts/Institutional Investor Meet/Con. Call Updates","Kotak Mahindra Bank Limited has informed the Exchange about Link of Recording","24-Jan-2026 20:16:56","2026-01-24 20:16:56","24-Jan-2026 20:16:57","00:00:01","https://nsearchives.nseindia.com/corporate/Kotakmahindrabank_24012026201646_AudioRecordingsJanuary242026.pdf"
"JAYNECOIND","Jayaswal Neco Industries Limited","Updates","Jayaswal Neco Industries Limited has informed the Exchange regarding 'Signing of Memorandum of Understanding (MOU) with the Government of Maharashtra'.","24-Jan-2026 20:12:25","2026-01-24 20:12:25","24-Jan-2026 20:12:26","00:00:01","https://nsearchives.nseindia.com/corporate/JAYNECOIND3_24012026201027_Intimation.pdf"
"SARVESHWAR","Sarveshwar Foods Limited","Allotment of Securities","Sarveshwar Foods Limited has informed the Exchange regarding allotment of 37,50,000 Equity shares pursuant to conversion of warrants on Preferential basis by way of Resolution by circulation dated January 24, 2026.","24-Jan-2026 19:50:32","2026-01-24 19:50:32","24-Jan-2026 19:50:33","00:00:01","https://nsearchives.nseindia.com/corporate/SARVESHWAR_24012026194931_intimation_Reg30_finalsigned.pdf"
"COFORGE","Coforge Limited","Copy of Newspaper Publication","Coforge Limited has informed the Exchange about Copy of Newspaper Publication of Financial results for quarter and nine month ended December 31, 2025","24-Jan-2026 19:26:42","2026-01-24 19:26:42","24-Jan-2026 19:26:44","00:00:02","https://nsearchives.nseindia.com/corporate/COFORGE_24012026192631_NP_Intimation-CL.pdf"
"CHENNPETRO","Chennai Petroleum Corporation Limited","Outcome of Board Meeting","Chennai Petroleum Corporation Limited has submitted to the Exchange, the financial results for the period ended December 31, 2025.","24-Jan-2026 19:22:16","2026-01-24 19:22:16","24-Jan-2026 19:22:17","00:00:01","https://nsearchives.nseindia.com/corporate/CHENNPETRO_24012026192155_Q3_Results.pdf"
"CIGNITITEC","Cigniti Technologies Limited","Copy of Newspaper Publication","Cigniti Technologies Limited has informed the Exchange about Copy of Newspaper Publication of Financial Results for quarter & nine month ended December 31, 2025","24-Jan-2026 19:20:40","2026-01-24 19:20:40","24-Jan-2026 19:20:41","00:00:01","https://nsearchives.nseindia.com/corporate/CIGNITITEC_24012026192028_CTL_Intimation.pdf"
"CANFINHOME","Can Fin Homes Limited","Analysts/Institutional Investor Meet/Con. Call Updates","Can Fin Homes Limited has informed the Exchange about Transcript","24-Jan-2026 18:49:07","2026-01-24 18:49:07","24-Jan-2026 18:49:08","00:00:01","https://nsearchives.nseindia.com/corporate/CANFINHOME_24012026184851_CANFINHOME_Earnings_Call_Transcript.pdf"
"COASTCORP","Coastal Corporation Limited","Certificate under SEBI (Depositories and Participants) Regulations, 2018","Coastal Corporation Limited has informed the Exchange about Certificate under SEBI (Depositories and Participants) Regulations, 2018","24-Jan-2026 18:46:36","2026-01-24 18:46:36","24-Jan-2026 18:46:37","00:00:01","https://nsearchives.nseindia.com/corporate/COASTCORP_24012026184625_rsca31122025.pdf"
"SHYAMMETL","Shyam Metalics and Energy Limited","Investor Presentation","Shyam Metalics And Energy Limited has informed the Exchange about Investor Presentation","24-Jan-2026 18:38:24","2026-01-24 18:38:24","24-Jan-2026 18:38:24","00:00:00","https://nsearchives.nseindia.com/corporate/SHYAMMETL_24012026183817_SMELINVESTORPRESENTATION.pdf"
"ADANIPOWER","Adani Power Limited","Certificate under SEBI (Depositories and Participants) Regulations, 2018","Adani Power Limited has informed the Exchange about Certificate under SEBI (Depositories and Participants) Regulations, 2018","24-Jan-2026 18:38:11","2026-01-24 18:38:11","24-Jan-2026 18:38:12","00:00:01","https://nsearchives.nseindia.com/corporate/ADANIPOWER_24012026183805_APLcertificate74_5_31122025.pdf"
"SHYAMMETL","Shyam Metalics and Energy Limited","Press Release","Shyam Metalics And Energy Limited has informed the Exchange regarding a press release dated January 24, 2026, titled ""Pursuant to Regulation 30 of SEBI (LODR) Regulations 2015, we are pleased to inform you that a press release was issued titled  SMEL reports strong Volume & Revenue growth in Q3 FY26 Volumes grew by 25% YoY, Revenues grew by 18% YoY the Board approved fresh CAPEX of Rs. 6,660 crores ."".","24-Jan-2026 18:37:06","2026-01-24 18:37:06","24-Jan-2026 18:37:07","00:00:01","https://nsearchives.nseindia.com/corporate/SHYAMMETL_24012026183659_SMELPRESSRELEASE.pdf"
"OMINFRAL","OM INFRA LIMITED","General Updates","OM INFRA LIMITED has informed the Exchange about General Updates","24-Jan-2026 18:19:06","2026-01-24 18:19:06","24-Jan-2026 18:19:07","00:00:01","https://nsearchives.nseindia.com/corporate/OMINFRAL_24012026181427_final_merged.pdf"
"CYIENT","Cyient Limited","Copy of Newspaper Publication","Cyient Limited has informed the Exchange about Copy of Newspaper Publication","24-Jan-2026 18:14:30","2026-01-24 18:14:30","24-Jan-2026 18:14:31","00:00:01","https://nsearchives.nseindia.com/corporate/CYIENT_24012026181409_LetterPaperAdSigned.pdf"
"IMPEXFERRO","Impex Ferro Tech Limited","Corporate Insolvency Resolution Process","Publication of Form G  Invitation of Resolution Plan","24-Jan-2026 18:02:43","2026-01-24 18:02:43","24-Jan-2026 18:02:44","00:00:01","https://nsearchives.nseindia.com/corporate/IMPEXFERRO_24012026180128_IntimationNewspaperNSEBSEcompressed.pdf"
"IMPEXFERRO","Impex Ferro Tech Limited","Corporate Insolvency Resolution Process","Publication of Form G  Invitation of Resolution Plan","24-Jan-2026 18:02:36","2026-01-24 18:02:36","24-Jan-2026 18:02:38","00:00:02","https://nsearchives.nseindia.com/corporate/IMPEXFERRO_24012026180128_IntimationNewspaperNSEBSEcompressed.pdf"
"HINDCOPPER","Hindustan Copper Limited","General Updates","Hindustan Copper Limited has informed the Exchange about General Updates","24-Jan-2026 17:54:10","2026-01-24 17:54:10","24-Jan-2026 17:54:11","00:00:01","https://nsearchives.nseindia.com/corporate/HINDCOPPERMKD_24012026174153_Reg30_BaghwariKhirkhoriCopperandAssociatedMineralBlock24012026.pdf"
"SGFIN","SG Finserve Limited","Copy of Newspaper Publication","SG Finserve Limited has informed the Exchange about Copy of Newspaper Publication","24-Jan-2026 17:48:30","2026-01-24 17:48:30","24-Jan-2026 17:48:31","00:00:01","https://nsearchives.nseindia.com/corporate/SGFINSERVE_24012026174753_newspaperr_publish.pdf"
"IMPEXFERRO","Impex Ferro Tech Limited","Corporate Insolvency Resolution Process","Impex Ferro Tech Limited has informed the Exchange about Corporate Insolvency Resolution Process- outcome of 23rd CoC","24-Jan-2026 17:46:56","2026-01-24 17:46:56","24-Jan-2026 17:46:56","00:00:00","https://nsearchives.nseindia.com/corporate/IMPEXFERRO_24012026174643_PostfactoIntimationfor23rdCoCMeetingIFTL.pdf"
"MUTHOOTCAP","Muthoot Capital Services Limited","Analysts/Institutional Investor Meet/Con. Call Updates","Muthoot Capital Services Limited has informed the Exchange about Transcript","24-Jan-2026 17:46:52","2026-01-24 17:46:52","24-Jan-2026 17:46:53","00:00:01","https://nsearchives.nseindia.com/corporate/MUTHOOTCAPS_24012026174606_SE_Intimation.pdf"
"UDS","Updater Services Limited","General Updates","Updater Services Limited has informed the Exchange about General Updates","24-Jan-2026 17:46:27","2026-01-24 17:46:27","24-Jan-2026 17:46:29","00:00:02","https://nsearchives.nseindia.com/corporate/COMPLIANCEOFFICERUDS_24012026174611_UDSTamilNaduOrderIntimation24012026F.pdf"
"UDS","Updater Services Limited","General Updates","Updater Services Limited has informed the Exchange about General Updates","24-Jan-2026 17:36:02","2026-01-24 17:36:02","24-Jan-2026 17:36:03","00:00:01","https://nsearchives.nseindia.com/corporate/COMPLIANCEOFFICERUDS_24012026173542_UDS-Tamil_Nadu_-Order_Intimation.pdf"
"SDBL","Som Distilleries & Breweries Limited","Copy of Newspaper Publication","Som Distilleries & Breweries Limited has informed the Exchange about Copy of Newspaper Publication","24-Jan-2026 17:35:33","2026-01-24 17:35:33","24-Jan-2026 17:35:34","00:00:01","https://nsearchives.nseindia.com/corporate/SDBL_24012026173523_News_ADVsd.pdf"
"VIRINCHI","Virinchi Limited","Copy of Newspaper Publication","Virinchi Limited has informed the Exchange about Copy of Newspaper Publication","24-Jan-2026 17:34:24","2026-01-24 17:34:24","24-Jan-2026 17:34:25","00:00:01","https://nsearchives.nseindia.com/corporate/VIRINCHI1303_24012026173418_SE_Intimation_News_Adv.pdf"
"UDS","Updater Services Limited","General Updates","Updater Services Limited has informed the Exchange about General Updates","24-Jan-2026 17:30:49","2026-01-24 17:30:49","24-Jan-2026 17:30:50","00:00:01","https://nsearchives.nseindia.com/corporate/COMPLIANCEOFFICERUDS_24012026172737_UDS-Tamil_Nadu_-_Order_Intimation_Sd.pdf"
"HINDCOPPER","Hindustan Copper Limited","Change in Management","Hindustan Copper Limited has informed the Exchange about change in Management","24-Jan-2026 17:30:41","2026-01-24 17:30:41","24-Jan-2026 17:30:42","00:00:01","https://nsearchives.nseindia.com/corporate/HINDCOPPERMKD_24012026172939_bse_nse_letters_promotion_of_executives_24012026.pdf"
"20MICRONS","20 Microns Limited","General Updates","Outcome of the Board Meeting held on January 24, 2026:  subject to shareholders  approval, 1) advancing loans, giving guarantees and/or providing securities, and 2) the appointment of Ms. Vedika Parikh, relative of the Promoter","24-Jan-2026 17:19:18","2026-01-24 17:19:18","24-Jan-2026 17:19:19","00:00:01","https://nsearchives.nseindia.com/corporate/20MICRONS_24012026171810_BseNseOutcomeDec2025Sign.pdf"
"STYLEBAAZA","Baazar Style Retail Limited","Updates","Baazar Style Retail Limited has informed the Exchange regarding 'Intimation Of Opening Of A New Retail Store Of The Company'.","24-Jan-2026 17:14:30","2026-01-24 17:14:30","24-Jan-2026 17:14:31","00:00:01","https://nsearchives.nseindia.com/corporate/BSRL2024_24012026171402_IntimationofStoreopening.pdf"
"DPABHUSHAN","D. P. Abhushan Limited","Copy of Newspaper Publication","D. P. Abhushan Limited has informed the Exchange about Newspaper Publication of Financial Results   Regulation 47 of the Securities and Exchange Board of India (Listing Obligations and Disclosure Requirements) Regulations, 2015 ( Listing Regulations ).","24-Jan-2026 17:10:19","2026-01-24 17:10:19","24-Jan-2026 17:10:20","00:00:01","https://nsearchives.nseindia.com/corporate/DPABHUSHAN_24012026171003_Regulation-47.pdf"
"UNIONBANK","Union Bank of India","General Updates","Union Bank of India has informed the Exchange about General Updates","24-Jan-2026 17:07:49","2026-01-24 17:07:49","24-Jan-2026 17:07:50","00:00:01","https://nsearchives.nseindia.com/corporate/UNIONBANK_24012026170518_UBI_Notice_of_Strike.pdf"
"HESTERBIO","Hester Biosciences Limited","Press Release","Hester Biosciences Limited has informed the Exchange regarding a press release dated January 24, 2026, titled ""20260124 Press Release - Hester receives manufacturing license for Inactivated Avian Influenza Vaccine for poultry"".","24-Jan-2026 17:07:34","2026-01-24 17:07:34","24-Jan-2026 17:07:35","00:00:01","https://nsearchives.nseindia.com/corporate/HESTERBIO_24012026170511_20260124PressRelease.pdf"
"GCSL","Gretex Corporate Services Limited","General Updates","Gretex Corporate Services Limited has informed the Exchange about General Updates","24-Jan-2026 16:48:53","2026-01-24 16:48:53","24-Jan-2026 16:48:53","00:00:00","https://nsearchives.nseindia.com/corporate/bdesai_24012026164833_Intimation_under_30_GCSL.pdf"
"GCSL","Gretex Corporate Services Limited","General Updates","Gretex Corporate Services Limited has informed the Exchange about General Updates","24-Jan-2026 16:46:04","2026-01-24 16:46:04","24-Jan-2026 16:46:05","00:00:01","https://nsearchives.nseindia.com/corporate/bdesai_24012026164535_Intimation_under_30_GSBL.pdf"
"BLUSPRING","Bluspring Enterprises Limited","Analysts/Institutional Investor Meet/Con. Call Updates","Bluspring Enterprises Limited has informed the Exchange about Schedule of meet","24-Jan-2026 16:44:30","2026-01-24 16:44:30","24-Jan-2026 16:44:31","00:00:01","https://nsearchives.nseindia.com/corporate/BLUSPRING_24012026164245_Bluspring_Analyst_Call_Intimation.pdf"
"KAYNES","Kaynes Technology India Limited","Credit Rating","Kaynes Technology India Limited has informed the Exchange about Credit Rating","24-Jan-2026 16:42:38","2026-01-24 16:42:38","24-Jan-2026 16:42:38","00:00:00","https://nsearchives.nseindia.com/corporate/KAYNESTECH_24012026164128_CreditRatingSigned.pdf"
"URBANCO","Urban Company Limited","Copy of Newspaper Publication","Urban Company Limited has informed the Exchange about Copy of Newspaper Publication on Financial Results for the quarter and nine months ended December 31, 2025","24-Jan-2026 16:42:18","2026-01-24 16:42:18","24-Jan-2026 16:42:19","00:00:01","https://nsearchives.nseindia.com/corporate/URBANCO_24012026164204_UC_FR_Newspaper_Clippings_24012026.pdf"
"SURYODAY","Suryoday Small Finance Bank Limited","Copy of Newspaper Publication","Suryoday Small Finance Bank Limited has informed the Exchange about Copy of Newspaper Publication regarding Unaudited Financial Results of the Bank for the Quarter (Q-3) and Nine month ended December 31, 2025","24-Jan-2026 16:33:05","2026-01-24 16:33:05","24-Jan-2026 16:33:06","00:00:01","https://nsearchives.nseindia.com/corporate/SURYODAY_24012026163135_Intimation_UFR_Newspaper_Publication_Dec_31_2025_sd.pdf"
"PICCADIL","Piccadily Agro Industries Limited","ESOP/ESOS/ESPS","Piccadily Agro Industries Limited has informed the Exchange regarding Grant of 2690  Options.","24-Jan-2026 16:29:07","2026-01-24 16:29:07","24-Jan-2026 16:29:08","00:00:01","https://nsearchives.nseindia.com/corporate/CSPICCADILY_24012026162851_esop_-_converted.pdf"
"PICCADIL","Piccadily Agro Industries Limited","ESOP/ESOS/ESPS","Piccadily Agro Industries Limited has informed the Exchange regarding Allotment of 71705  Shares.","24-Jan-2026 16:21:05","2026-01-24 16:21:05","24-Jan-2026 16:21:06","00:00:01","https://nsearchives.nseindia.com/corporate/CSPICCADILY_24012026162011_allotment_ESOP_-_converted.pdf"
"20MICRONS","20 Microns Limited","Outcome of Board Meeting","20 Microns Limited has submitted to the Exchange, the financial results for the period ended December 31, 2025","24-Jan-2026 16:19:45","2026-01-24 16:19:45","24-Jan-2026 16:19:47","00:00:02","https://nsearchives.nseindia.com/corporate/20MICRONS_24012026161814_BseNseOutcomeDec2025Sign.pdf"
"VAKRANGEE","Vakrangee Limited","General Updates","Vakrangee Limited Has Informed The Exchange About RESULTS PERFORMANCE UPDATE PRESENTATION - 'Q3 & 9M FY2025-26 RESULTS UPDATE'","24-Jan-2026 16:11:05","2026-01-24 16:11:05","24-Jan-2026 16:11:06","00:00:01","https://nsearchives.nseindia.com/corporate/VAKRANGEE_24012026161056_Corporate_Presentation.pdf"
"SURAJLTD","Suraj Limited","Cessation","Suraj Limited has informed the Exchange regarding Cessation of Mr Sandip S. Gandhi as internal Auditor due to death From the company w.e.f. January 22, 2026.","24-Jan-2026 16:10:46","2026-01-24 16:10:46","24-Jan-2026 16:10:48","00:00:02","https://nsearchives.nseindia.com/corporate/SURAJLTD_24012026160834_Resignation_of_Internal_Auditor_Due_to_Death.pdf"
"EMIL","Electronics Mart India Limited","Commencement of commercial production/operations","Electronics Mart India Limited has informed the Exchange about Commencement of commercial production/operations","24-Jan-2026 16:09:35","2026-01-24 16:09:35","24-Jan-2026 16:09:37","00:00:02","https://nsearchives.nseindia.com/corporate/EMILTD_24012026160420_Intimation.pdf"
"VAKRANGEE","Vakrangee Limited","Press Release","Vakrangee Limited has informed the Exchange regarding a press release dated January 24, 2026, titled ""Press Release titled  VAKRANGEE DELIVERS THREEFOLD PROFIT GROWTH WITH A CLEAR FOCUS ON LONG-TERM PROFIT GROWTH ."".","24-Jan-2026 16:07:41","2026-01-24 16:07:41","24-Jan-2026 16:07:42","00:00:01","https://nsearchives.nseindia.com/corporate/VAKRANGEE_24012026160721_Press_Release.pdf"
"SBFC","SBFC Finance Limited","Resignation","SBFC Finance Limited has informed the Exchange regarding Resignation of Mr Sai Prashant Menon as Chief Collections Officer of the company and his last working day is  January 31, 2026.","24-Jan-2026 16:07:00","2026-01-24 16:07:00","24-Jan-2026 16:07:01","00:00:01","https://nsearchives.nseindia.com/corporate/SBFC_24012026160156_OutcomeofBM.pdf"
"SHYAMMETL","Shyam Metalics and Energy Limited","Updates","Shyam Metalics And Energy Limited has informed the Exchange regarding Fresh Capex Announcement of &#8377; 6660 Crores and Voluntary Liquidation of Step down Subsidiary of the Company","24-Jan-2026 16:06:59","2026-01-24 16:06:59","24-Jan-2026 16:07:00","00:00:01","https://nsearchives.nseindia.com/corporate/SHYAMMETL_24012026160647_SMELOUTCOMEOFBM.pdf"
"SHYAMMETL","Shyam Metalics and Energy Limited","General Updates","Shyam Metalics And Energy Limited has informed the Exchange about General Updates","24-Jan-2026 16:01:24","2026-01-24 16:01:24","24-Jan-2026 16:01:25","00:00:01","https://nsearchives.nseindia.com/corporate/SHYAMMETL_24012026160112_SMELNRCOutcome24012026.pdf"
"SENCO","Senco Gold Limited","Updates","Senco Gold Limited has informed the Exchange regarding 'Intimation of opening of new franchisee store'.","24-Jan-2026 16:00:18","2026-01-24 16:00:18","24-Jan-2026 16:00:19","00:00:01","https://nsearchives.nseindia.com/corporate/Sencogold_24012026155953_SE_Intimation_Ambikapur.pdf"
"SBFC","SBFC Finance Limited","Press Release","SBFC Finance Limited has informed the Exchange regarding a press release dated January 24, 2026, titled ""Aseem Dhru to become Non Executive Vice-Chairman of SBFC Finance Limited. Mahesh Dayani to become MD & CEO"".","24-Jan-2026 15:58:49","2026-01-24 15:58:49","24-Jan-2026 15:58:51","00:00:02","https://nsearchives.nseindia.com/corporate/SBFC_24012026155806_PressReleaseJan2026.pdf"
"SBFC","SBFC Finance Limited","Change in Director(s)","Sbfc Finance Limited has informed the Exchange regarding Change in Director(s) of the company.","24-Jan-2026 15:55:40","2026-01-24 15:55:40","24-Jan-2026 15:55:42","00:00:02","https://nsearchives.nseindia.com/corporate/SBFC_24012026155524_OutcomeofBM.pdf"
"MARINE","Marine Electricals (India) Limited","Bagging/Receiving of orders/contracts","Marine Electricals (India) Limited has informed the Exchange about Bagging/Receiving of orders/contracts","24-Jan-2026 15:55:27","2026-01-24 15:55:27","24-Jan-2026 15:55:28","00:00:01","https://nsearchives.nseindia.com/corporate/MARINE_24012026155111_Signed_Stock_Exchange_Intimation_UEP.pdf"
"SBFC","SBFC Finance Limited","Outcome of Board Meeting","SBFC Finance Limited has informed the Exchange regarding Outcome of Board Meeting held on January 24, 2026.","24-Jan-2026 15:53:54","2026-01-24 15:53:54","24-Jan-2026 15:53:54","00:00:00","https://nsearchives.nseindia.com/corporate/SBFC_24012026155242_OutcomeofBM.pdf"
"VAKRANGEE","Vakrangee Limited","General Updates","Grant Of Options Under ESOP Scheme 2014 Of The Company","24-Jan-2026 15:52:59","2026-01-24 15:52:59","24-Jan-2026 15:53:00","00:00:01","https://nsearchives.nseindia.com/corporate/VAKRANGEE_24012026155242_IntimationESOPGrant.pdf"
"VTL","Vardhman Textiles Limited","Analysts/Institutional Investor Meet/Con. Call Updates","Vardhman Textiles Limited has informed the Exchange about Transcript.","24-Jan-2026 15:51:48","2026-01-24 15:51:48","24-Jan-2026 15:51:49","00:00:01","https://nsearchives.nseindia.com/corporate/VTL_24012026155131_VTXL_Transcript.pdf"
"SHYAMMETL","Shyam Metalics and Energy Limited","Integrated Filing- Financial","Unaudited Financials for Quarter and Nine Months Ended 31st December, 2025","24-Jan-2026 15:48:39","2026-01-24 15:48:39","24-Jan-2026 15:48:40","00:00:01","https://nsearchives.nseindia.com/corporate/SHYAMMETL_24012026154754_SMELOUTCOMEOFBM.pdf"
"SHYAMMETL","Shyam Metalics and Energy Limited","General Updates","Shyam Metalics And Energy Limited has informed the Exchange about General Updates on Postal Ballot Notice approval, fixation of cut-off date.","24-Jan-2026 15:45:59","2026-01-24 15:45:59","24-Jan-2026 15:46:00","00:00:01","https://nsearchives.nseindia.com/corporate/SHYAMMETL_24012026154547_SMELOUTCOMEOFBM.pdf"
"VSSL","Vardhman Special Steels Limited","Analysts/Institutional Investor Meet/Con. Call Updates","Vardhman Special Steels Limited has informed the Exchange about Transcript.","24-Jan-2026 15:43:37","2026-01-24 15:43:37","24-Jan-2026 15:43:38","00:00:01","https://nsearchives.nseindia.com/corporate/VSSL_24012026154321_VSSL_Transcript.pdf"
"GCSL","Gretex Corporate Services Limited","Action(s) initiated or orders passed","Gretex Corporate Services Limited has informed the Exchange about Action(s) initiated or orders passed","24-Jan-2026 15:42:44","2026-01-24 15:42:44","24-Jan-2026 15:42:45","00:00:01","https://nsearchives.nseindia.com/corporate/bdesai_24012026154228_Revised_Intimation_under_Reg_30_SEBI_Adjudication_Order.pdf"
"SHYAMMETL","Shyam Metalics and Energy Limited","Appointment","Shyam Metalics And Energy Limited has informed the Exchange regarding Appointment of Mr Subrata Bhattacharya as Non- Executive Independent Director of the company w.e.f. February 01, 2026.","24-Jan-2026 15:40:39","2026-01-24 15:40:39","24-Jan-2026 15:40:40","00:00:01","https://nsearchives.nseindia.com/corporate/SHYAMMETL_24012026154022_SMELOUTCOMEOFBM.pdf"
"GCSL","Gretex Corporate Services Limited","General Updates","Gretex Corporate Services Limited has informed the Exchange about General Updates","24-Jan-2026 15:40:34","2026-01-24 15:40:34","24-Jan-2026 15:40:35","00:00:01","https://nsearchives.nseindia.com/corporate/bdesai_24012026154019_Disclosure_of_PIT.pdf"
"VAKRANGEE","Vakrangee Limited","Outcome of Board Meeting","Vakrangee Limited has informed the Exchange regarding outcome of Board Meeting held on January 24, 2026","24-Jan-2026 15:38:14","2026-01-24 15:38:14","24-Jan-2026 15:38:15","00:00:01","https://nsearchives.nseindia.com/corporate/VAKRANGEE_24012026153753_OutcomeBM240126.pdf"
"SHYAMMETL","Shyam Metalics and Energy Limited","Outcome of Board Meeting","Shyam Metalics And Energy Limited has submitted to the Exchange, the financial results for the period ended December 31, 2025.","24-Jan-2026 15:37:26","2026-01-24 15:37:26","24-Jan-2026 15:37:26","00:00:00","https://nsearchives.nseindia.com/corporate/SHYAMMETL_24012026153532_SMELOUTCOMEOFBM.pdf"
"PREMIERENE","Premier Energies Limited","Copy of Newspaper Publication","Premier Energies Limited has informed the Exchange about Copy of Newspaper Publication","24-Jan-2026 15:37:07","2026-01-24 15:37:07","24-Jan-2026 15:37:08","00:00:01","https://nsearchives.nseindia.com/corporate/PEL2024_24012026153638_NP_signed.pdf"
"SHYAMMETL","Shyam Metalics and Energy Limited","Outcome of Board Meeting","Shyam Metalics And Energy Limited has informed the Exchange regarding  Board meeting held on January 24, 2026.","24-Jan-2026 15:34:03","2026-01-24 15:34:03","24-Jan-2026 15:34:05","00:00:02","https://nsearchives.nseindia.com/corporate/SHYAMMETL_24012026153353_SMELOUTCOMEOFBM.pdf"
"MEDIASSIST","Medi Assist Healthcare Services Limited","Shareholders meeting","Medi Assist Healthcare Services Limited has informed the Exchange regarding Notice of Postal Ballot","24-Jan-2026 15:33:19","2026-01-24 15:33:19","24-Jan-2026 15:33:21","00:00:02","https://nsearchives.nseindia.com/corporate/MEDIASSIST_24012026153250_MAHS_Intimation_Postal_Ballot_January_2026-SD.pdf"
"MPHASIS","MphasiS Limited","Copy of Newspaper Publication","MphasiS Limited has informed the Exchange about Copy of Newspaper Publication","24-Jan-2026 15:31:03","2026-01-24 15:31:03","24-Jan-2026 15:31:03","00:00:00","https://nsearchives.nseindia.com/corporate/MPHASIS_24012026153047_Intimation_Newspaper_Advertisment_signed.pdf"
"SGMART","SG Mart Limited","Copy of Newspaper Publication","SG Mart Limited has informed the Exchange about Copy of Newspaper Publication of Unaudited Financial Results for the quarter and nine months period ended on December 31, 2025.","24-Jan-2026 15:28:56","2026-01-24 15:28:56","24-Jan-2026 15:28:57","00:00:01","https://nsearchives.nseindia.com/corporate/SGMART_24012026152113_NewspaperPublicationQ3FR24012026.pdf"
"KIRLPNU","Kirloskar Pneumatic Company Limited","General Updates","Kirloskar Pneumatic Company Limited has informed the Exchange about General Updates","24-Jan-2026 15:25:12","2026-01-24 15:25:12","24-Jan-2026 15:25:13","00:00:01","https://nsearchives.nseindia.com/corporate/truneshgujar_24012026152455_Update.pdf"
"RAJTV","Raj Television Network Limited","Credit Rating","Raj Television Network Limited has informed the Exchange about Credit Rating","24-Jan-2026 15:25:02","2026-01-24 15:25:02","24-Jan-2026 15:25:04","00:00:02","https://nsearchives.nseindia.com/corporate/RAJTV_24012026152431_CreditRatingSigned.pdf"
"BURNPUR","Burnpur Cement Limited","Updates","Burnpur Cement Limited has informed the Exchange regarding 'Submission of application for seeking no objection for reclassification.'.","24-Jan-2026 15:23:58","2026-01-24 15:23:58","24-Jan-2026 15:23:59","00:00:01","https://nsearchives.nseindia.com/corporate/BURNPURCEMENT_24012026152349_Intimation_of_Submission_of_application.pdf"
"PRESTIGE","Prestige Estates Projects Limited","Incorporation","PRESTIGE: Prestige Estates Projects Limited has informed the Exchange about Incorporation of a step-down subsidiary.","24-Jan-2026 15:22:57","2026-01-24 15:22:57","24-Jan-2026 15:22:58","00:00:01","https://nsearchives.nseindia.com/corporate/PRESTIGE_24012026152225_IntimationLLPIncorporation.pdf"
"BURNPUR","Burnpur Cement Limited","Disclosure of material issue","Burnpur Cement Limited has informed regarding Disclosure of material issue","24-Jan-2026 15:22:17","2026-01-24 15:22:17","24-Jan-2026 15:22:18","00:00:01","https://nsearchives.nseindia.com/corporate/BURNPURCEMENT_24012026152203_Intimation_of_Submission_of_application.pdf"
"KAJARIACER","Kajaria Ceramics Limited","Analysts/Institutional Investor Meet/Con. Call Updates","Pursuant to the provisions of Regulation 30 read with Regulation 46 of the SEBI (Listing Obligations and Disclosure Requirements) Regulations, 2015, we wish to inform you that the Company is organising a Conference Call at 5.00 p.m. (IST) on Friday, January 30, 2026, after submission of the outcome (including Unaudited Financial Results for the quarter/nine months ended December 31, 2025) of the Board meeting scheduled to be held on January 30, 2026.","24-Jan-2026 15:18:45","2026-01-24 15:18:45","24-Jan-2026 15:18:47","00:00:02","https://nsearchives.nseindia.com/corporate/KAJARIACER_24012026151058_Conference_Call.pdf"
"KEI","KEI Industries Limited","Updates","KEI Industries Limited has informed the Exchange regarding 'Report on Transfer Requests of Physical Shares re-lodged under the special window'.","24-Jan-2026 15:15:02","2026-01-24 15:15:02","24-Jan-2026 15:15:03","00:00:01","https://nsearchives.nseindia.com/corporate/KEI_24012026151409_Special_window.pdf"
"BORANA","Borana Weaves Limited","Press Release","Borana Weaves Limited has informed the Exchange regarding a press release dated January 23, 2026, titled ""Q3 & 9M FY26 Earnings Release"".","24-Jan-2026 15:12:15","2026-01-24 15:12:15","24-Jan-2026 15:12:16","00:00:01","https://nsearchives.nseindia.com/corporate/BORANA_24012026151209_SE_Press_Release.pdf"
"ATUL","Atul Limited","Copy of Newspaper Publication","Atul Limited has informed the Exchange about Copy of Newspaper Publication","24-Jan-2026 15:10:46","2026-01-24 15:10:46","24-Jan-2026 15:10:48","00:00:02","https://nsearchives.nseindia.com/corporate/ATUL1_24012026151021_Intimation.pdf"
"BORANA","Borana Weaves Limited","Updates","Borana Weaves Limited has informed the Exchange regarding 'Investor Presentation'.","24-Jan-2026 15:05:04","2026-01-24 15:05:04","24-Jan-2026 15:05:04","00:00:00","https://nsearchives.nseindia.com/corporate/BORANA_24012026150441_SE_IP__1_.pdf"
"SBFC","SBFC Finance Limited","Investor Presentation","Sbfc Finance Limited has informed the Exchange about Investor Presentation","24-Jan-2026 15:00:41","2026-01-24 15:00:41","24-Jan-2026 15:00:42","00:00:01","https://nsearchives.nseindia.com/corporate/SBFC_24012026144729_InvestorPPTJan2026.pdf"
"ZEELEARN","Zee Learn Limited","General Updates","Zee Learn Limited has informed the Exchange about General Updates","24-Jan-2026 14:55:51","2026-01-24 14:55:51","24-Jan-2026 14:55:52","00:00:01","https://nsearchives.nseindia.com/corporate/corpaffairs_24012026145537_upload.pdf"
"SOLARINDS","Solar Industries India Limited","Copy of Newspaper Publication","Solar Industries India Limited has informed the Exchange about Copy of Newspaper Publication","24-Jan-2026 14:51:45","2026-01-24 14:51:45","24-Jan-2026 14:51:46","00:00:01","https://nsearchives.nseindia.com/corporate/SOLARINDS_24012026145039_SE_INTIMATION_OF__NP_PUBLICATION_sd.pdf"
"ADANIENSOL","Adani Energy Solutions Limited","General Updates","Adani Energy Solutions Limited has informed the Exchange about Newspaper Advertisement for dispatch of Postal Ballot Notice","24-Jan-2026 14:50:43","2026-01-24 14:50:43","24-Jan-2026 14:50:44","00:00:01","https://nsearchives.nseindia.com/corporate/ADANITRANS_24012026145009_AESL_Newspaper_Dispatch_.pdf"
"SBFC","SBFC Finance Limited","Outcome of Board Meeting","Sbfc Finance Limited has submitted to the Exchange, the financial results for the period ended December 31, 2025.","24-Jan-2026 14:42:32","2026-01-24 14:42:32","24-Jan-2026 14:42:33","00:00:01","https://nsearchives.nseindia.com/corporate/SBFC_24012026144009_Outcomefinal.pdf"
"SHAKTIPUMP","Shakti Pumps (India) Limited","General Updates",": Shakti Pumps (India) Limited has informed the Exchange  regarding ESG report issued by  SES ESG Research Private Limited on our Company. The overall ESG Score of the Company has been increased from 60.7 in FY 2023-24 compared to 67.6 for FY 2024-25.","24-Jan-2026 14:41:05","2026-01-24 14:41:05","24-Jan-2026 14:41:06","00:00:01","https://nsearchives.nseindia.com/corporate/SHAKTIPUMP_24012026143627_IntimationofReceiptofESGReport.pdf"
"KOTAKBANK","Kotak Mahindra Bank Limited","General Updates","Kotak Mahindra Bank Limited has informed the Exchange about Investor Presentation for Earnings Conference Call on the Consolidated and Standalone Unaudited Financial Results of the Bank for the quarter and nine months ended December 31, 2025","24-Jan-2026 14:40:17","2026-01-24 14:40:17","24-Jan-2026 14:40:19","00:00:02","https://nsearchives.nseindia.com/corporate/Kotakmahindrabank_24012026144004_InvestorPresentationJan242026.pdf"
"KOTAKBANK","Kotak Mahindra Bank Limited","General Updates","Kotak Mahindra Bank Limited has informed the Exchange about Outcome of Board Meeting - Update on proposal for raising funds during FY 2026-27","24-Jan-2026 14:37:43","2026-01-24 14:37:43","24-Jan-2026 14:37:44","00:00:01","https://nsearchives.nseindia.com/corporate/Kotakmahindrabank_24012026143720_OutcomeofBMJan242026Fundraising.pdf"
"KIRLPNU","Kirloskar Pneumatic Company Limited","Copy of Newspaper Publication","Kirloskar Pneumatic Company Limited has informed the Exchange about Copy of Newspaper Publication","24-Jan-2026 14:37:05","2026-01-24 14:37:05","24-Jan-2026 14:37:06","00:00:01","https://nsearchives.nseindia.com/corporate/truneshgujar_24012026143608_newspaper.pdf"
"ARVIND","Arvind Limited","Analysts/Institutional Investor Meet/Con. Call Updates","Arvind Limited has informed the Exchange about Schedule of meet","24-Jan-2026 14:36:16","2026-01-24 14:36:16","24-Jan-2026 14:36:17","00:00:01","https://nsearchives.nseindia.com/corporate/ARVIND1_24012026143553_Arvind.pdf"
"NAVINFLUOR","Navin Fluorine International Limited","General Updates","Navin Fluorine International Limited has informed the Exchange about General Updates","24-Jan-2026 14:35:30","2026-01-24 14:35:30","24-Jan-2026 14:35:31","00:00:01","https://nsearchives.nseindia.com/corporate/NAVINFLUOR_24012026143404_NSE.pdf"
"JTLIND","JTL INDUSTRIES LIMITED","Updates","JTL INDUSTRIES LIMITED has informed the Exchange regarding 'Earnings Release for the quarter ended December 31, 2025'.","24-Jan-2026 14:31:29","2026-01-24 14:31:29","24-Jan-2026 14:31:31","00:00:02","https://nsearchives.nseindia.com/corporate/JTLIND_24012026143044_EarningsReleaseQ3FY26.pdf"
"KEI","KEI Industries Limited","General Updates","KEI Industries Limited has informed the Exchange about Intimation of Publication of Advertisement regarding voluntary delisting of the Equity Shares of the Company from The Calcutta Stock Exchange Limited.","24-Jan-2026 14:31:22","2026-01-24 14:31:22","24-Jan-2026 14:31:23","00:00:01","https://nsearchives.nseindia.com/corporate/KEI_24012026143039_SignedIntimation.pdf"
"JTLIND","JTL INDUSTRIES LIMITED","Investor Presentation","JTL INDUSTRIES LIMITED has informed the Exchange about Investor Presentation","24-Jan-2026 14:28:39","2026-01-24 14:28:39","24-Jan-2026 14:28:41","00:00:02","https://nsearchives.nseindia.com/corporate/JTLIND_24012026142814_InvestorPresentationQ3FY26.pdf"
"LAURUSLABS","Laurus Labs Limited","Copy of Newspaper Publication","Laurus Labs Limited has informed the Exchange about Copy of Newspaper Publication","24-Jan-2026 14:28:28","2026-01-24 14:28:28","24-Jan-2026 14:28:29","00:00:01","https://nsearchives.nseindia.com/corporate/LAURUSLABS_24012026142654_NewsPub24012026.pdf"
"KOTAKBANK","Kotak Mahindra Bank Limited","Press Release","Kotak Mahindra Bank Limited has informed the Exchange regarding a press release dated January 24, 2026, titled ""Media Release on the Consolidated and Standalone Unaudited Financial Results of the Bank for the quarter and nine months ended December 31, 2025"".","24-Jan-2026 14:26:55","2026-01-24 14:26:55","24-Jan-2026 14:26:56","00:00:01","https://nsearchives.nseindia.com/corporate/Kotakmahindrabank_24012026142634_MediareleaseBMJan242026.pdf"
"KOTAKBANK","Kotak Mahindra Bank Limited","Outcome of Board Meeting","Kotak Mahindra Bank Limited has informed the Exchange regarding  Board meeting held on January 24, 2026.","24-Jan-2026 14:23:06","2026-01-24 14:23:06","24-Jan-2026 14:23:07","00:00:01","https://nsearchives.nseindia.com/corporate/Kotakmahindrabank_24012026142242_OutcomeofBMJan242026.pdf"
"KOTAKBANK","Kotak Mahindra Bank Limited","Outcome of Board Meeting","Kotak Mahindra Bank Limited has submitted to the Exchange, the financial results for the period ended December 31, 2025.","24-Jan-2026 14:18:34","2026-01-24 14:18:34","24-Jan-2026 14:18:35","00:00:01","https://nsearchives.nseindia.com/corporate/Kotakmahindrabank_24012026141810_OutcomeofBMJan242026.pdf"
"KARURVYSYA","Karur Vysya Bank Limited","General Updates","Karur Vysya Bank Limited has informed the Exchange about General Updates - Strike call given by the United Forum of Bank Unions (UFBU)","24-Jan-2026 14:11:45","2026-01-24 14:11:45","24-Jan-2026 14:11:45","00:00:00","https://nsearchives.nseindia.com/corporate/KARURVYSYA_24012026141132_Strike_Call_DSC.pdf"
"PRSMJOHNSN","Prism Johnson Limited","Pendency of Litigation(s)/dispute(s) or the outcome impacting the Company","Prism Johnson Limited has informed the Exchange about Pendency of Litigation(s)/dispute(s) or the outcome impacting the Company","24-Jan-2026 14:11:16","2026-01-24 14:11:16","24-Jan-2026 14:11:17","00:00:01","https://nsearchives.nseindia.com/corporate/PRSMJOHNSN_24012026140939_Reg30disclosureofcontinuingeventsfurtherupdateServiceTaxAppeal.pdf"
"ONESOURCE","Onesource Specialty Pharma Limited","Analysts/Institutional Investor Meet/Con. Call Updates","Onesource Specialty Pharma Limited has informed the Exchange about Link of Recording","24-Jan-2026 14:08:46","2026-01-24 14:08:46","24-Jan-2026 14:08:47","00:00:01","https://nsearchives.nseindia.com/corporate/ONESOURCECDMO_24012026140825_OS_Earnings_Call_Audio.pdf"
"SHANTIGOLD","Shanti Gold International Limited","Credit Rating","Shanti Gold International Limited has informed the Exchange about Credit Rating","24-Jan-2026 14:05:04","2026-01-24 14:05:04","24-Jan-2026 14:05:05","00:00:01","https://nsearchives.nseindia.com/corporate/SHANTIGOLD_24012026140451_Credit_Rating_Press_Release_CARE.pdf"
"KARURVYSYA","Karur Vysya Bank Limited","Copy of Newspaper Publication","Karur Vysya Bank Limited has informed the Exchange about Copy of Newspaper Publication","24-Jan-2026 13:46:54","2026-01-24 13:46:54","24-Jan-2026 13:46:56","00:00:02","https://nsearchives.nseindia.com/corporate/KARURVYSYA_24012026134646_Reg_47-Advertisement_DSC.pdf"
"IKIO","IKIO Technologies Limited","Analysts/Institutional Investor Meet/Con. Call Updates","IKIO Technologies Limited has informed the Exchange about Schedule of meet","24-Jan-2026 13:40:59","2026-01-24 13:40:59","24-Jan-2026 13:41:00","00:00:01","https://nsearchives.nseindia.com/corporate/IKIO_24012026134013_Earningcallintimation24012026.pdf"
"JTLIND","JTL INDUSTRIES LIMITED","Outcome of Board Meeting","JTL INDUSTRIES LIMITED has informed the Exchange regarding  Board meeting held on January 24, 2026.","24-Jan-2026 13:33:00","2026-01-24 13:33:00","24-Jan-2026 13:33:00","00:00:00","https://nsearchives.nseindia.com/corporate/JTLIND_24012026133227_OutcomeOfBMJTL24012026.pdf"
"JTLIND","JTL INDUSTRIES LIMITED","Outcome of Board Meeting","JTL INDUSTRIES LIMITED has submitted to the Exchange, the financial results for the period ended December 31, 2025.","24-Jan-2026 13:30:20","2026-01-24 13:30:20","24-Jan-2026 13:30:20","00:00:00","https://nsearchives.nseindia.com/corporate/JTLIND_24012026132807_OutcomeOfBMJTL24012026.pdf"
"SAGCEM","Sagar Cements Limited","General Updates","Sagar Cements Limited has informed the Exchange about  the company has executed a Corporate Guarantee agreement today i.e. on 24th January, 2026 in favour of Axis Finance Limited for the term loan facility of Rs. 74.00 Crores availed by one of our subsidiary, Sagar Cements (M) Private Limited for its ongoing project expansion.","24-Jan-2026 13:25:48","2026-01-24 13:25:48","24-Jan-2026 13:25:49","00:00:01","https://nsearchives.nseindia.com/corporate/SAGCEM_24012026132536_SCLReg30paraB11CGSCMPLIntimation24012026.pdf"
"POWERINDIA","Hitachi Energy India Limited","Action(s) taken or orders passed","Hitachi Energy India Limited has informed the Exchange about Action(s) taken or orders passed","24-Jan-2026 13:21:46","2026-01-24 13:21:46","24-Jan-2026 13:21:47","00:00:01","https://nsearchives.nseindia.com/corporate/HitachiEnergy_24012026132103_StockExchangeintimation.pdf"
"ULTRACEMCO","UltraTech Cement Limited","Investor Presentation","UltraTech Cement Limited has informed the Exchange about Investor Presentation","24-Jan-2026 13:20:56","2026-01-24 13:20:56","24-Jan-2026 13:20:58","00:00:02","https://nsearchives.nseindia.com/corporate/ULTRACEMCO1_24012026132046_SEinvestorpresentation.pdf"
"ULTRACEMCO","UltraTech Cement Limited","Outcome of Board Meeting","UltraTech Cement Limited has submitted to the Exchange, the financial results for the period ended December 31, 2025.","24-Jan-2026 13:19:39","2026-01-24 13:19:39","24-Jan-2026 13:19:40","00:00:01","https://nsearchives.nseindia.com/corporate/ULTRACEMCO1_24012026131728_Outcome_of_BM.pdf"
"BPCL","Bharat Petroleum Corporation Limited","Investor Presentation","Bharat Petroleum Corporation Limited has informed the Exchange about Investor Presentation","24-Jan-2026 13:10:31","2026-01-24 13:10:31","24-Jan-2026 13:10:33","00:00:02","https://nsearchives.nseindia.com/corporate/BPCL22_24012026131010_stexinvestorhandouts24126s.pdf"
"ONESOURCE","Onesource Specialty Pharma Limited","General Updates","Onesource Specialty Pharma Limited has informed the Exchange about the addendum to the press release (original press release dated January 23, 2026).","24-Jan-2026 13:09:12","2026-01-24 13:09:12","24-Jan-2026 13:09:13","00:00:01","https://nsearchives.nseindia.com/corporate/ONESOURCECDMO_24012026130741_OS_PR_Revised.pdf"
"SANGAMIND","Sangam (India) Limited","Updates","Sangam (India) Limited has informed the Exchange regarding 'Re-Lodgment Of Transfer Requests Of Physical Shares'.","24-Jan-2026 13:08:24","2026-01-24 13:08:24","24-Jan-2026 13:08:25","00:00:01","https://nsearchives.nseindia.com/corporate/SANGAMIND_24012026130423_RTA_Transfer_request_sign.pdf"
"COROMANDEL","Coromandel International Limited","General Updates","Coromandel International Limited has informed the Exchange about General Updates","24-Jan-2026 13:07:37","2026-01-24 13:07:37","24-Jan-2026 13:07:38","00:00:01","https://nsearchives.nseindia.com/corporate/COROMANDELINT_24012026130558_CIL_SELetter_Sakarni_SD.pdf"
"BPCL","Bharat Petroleum Corporation Limited","Updates","Bharat Petroleum Corporation Limited has informed the Exchange regarding 'Intimation on communication to members regarding Tax Deduction at Source (TDS) for second Interim Dividend'.","24-Jan-2026 13:05:53","2026-01-24 13:05:53","24-Jan-2026 13:05:54","00:00:01","https://nsearchives.nseindia.com/corporate/BPCL22_24012026130518_stextdscomm24126s.pdf"
"NIBE","NIBE Limited","Shareholders meeting","NIBE Limited has submitted the Exchange a copy of Scrutinizer's Report and E-Voting Results of the  Extraordinary General Meeting held on Thursday, January 22, 2026","24-Jan-2026 13:05:42","2026-01-24 13:05:42","24-Jan-2026 13:05:43","00:00:01","https://nsearchives.nseindia.com/corporate/9028072464_24012026130124_evotingresultssd.pdf"
"CRAMC","Canara Robeco Asset Management Company Limited","Investor Presentation","Canara Robeco Asset Management Company Limited has informed the Exchange about Investor Presentation","24-Jan-2026 13:01:20","2026-01-24 13:01:20","24-Jan-2026 13:01:21","00:00:01","https://nsearchives.nseindia.com/corporate/CRAMC_24012026130057_Investor_Meet_Presentation_.pdf"
"CIPLA","Cipla Limited","Copy of Newspaper Publication","Cipla Limited has informed the Exchange about Copy of Newspaper Publication","24-Jan-2026 13:00:32","2026-01-24 13:00:32","24-Jan-2026 13:00:34","00:00:02","https://nsearchives.nseindia.com/corporate/CIPLA_24012026130017_Cipla_Q3FY26_Newspaper_Advertisment_signed.pdf"
"DRREDDY","Dr. Reddy's Laboratories Limited","Action(s) initiated or orders passed","Dr. Reddy's Laboratories Limited has informed the Exchange about Action(s) initiated or orders passed","24-Jan-2026 12:57:45","2026-01-24 12:57:45","24-Jan-2026 12:57:46","00:00:01","https://nsearchives.nseindia.com/corporate/DRREDDY_24012026125732_DRL_SE_intimationReg30russia_signed.pdf"
"SIRCA","Sirca Paints India Limited","Certificate under SEBI (Depositories and Participants) Regulations, 2018","Sirca Paints India Limited has informed the Exchange about Certificate under SEBI (Depositories and Participants) Regulations, 2018","24-Jan-2026 12:57:22","2026-01-24 12:57:22","24-Jan-2026 12:57:23","00:00:01","https://nsearchives.nseindia.com/corporate/SIRCA_24012026125702_INTIMATION74_5_.pdf"
"NECLIFE","Nectar Lifesciences Limited","Copy of Newspaper Publication","Nectar Lifesciences Limited has informed the Exchange about Copy of Newspaper Publication of Financial Results of the Company for the quarter and nine months ended on December 31, 2025.","24-Jan-2026 12:55:38","2026-01-24 12:55:38","24-Jan-2026 12:55:39","00:00:01","https://nsearchives.nseindia.com/corporate/NECLIFE_24012026125357_NECLIFE_Publication_260123_Signed.pdf"
"DHRUV","Dhruv Consultancy Services Limited","Updates","Dhruv Consultancy Services Limited has informed the Exchange regarding 'Regulation 30 Project updates'.","24-Jan-2026 12:54:01","2026-01-24 12:54:01","24-Jan-2026 12:54:02","00:00:01","https://nsearchives.nseindia.com/corporate/DHRUV_24012026125351_Regg30Letter23012026.pdf"
"DBSTOCKBRO","DB (International) Stock Brokers Limited","Copy of Newspaper Publication","DB (International) Stock Brokers Limited has informed the Exchange about Copy of Newspaper Publication regarding Unaudited Financials (Standalone and Consolidated) for the Third Quarter ended December 31, 2025","24-Jan-2026 12:51:24","2026-01-24 12:51:24","24-Jan-2026 12:51:25","00:00:01","https://nsearchives.nseindia.com/corporate/DBSTOCKBRO_24012026125110_Newspaperadvertisment23012026.pdf"
"COMSYN","Commercial Syn Bags Limited","General Updates","Commercial Syn Bags Limited has informed the Exchange about General Updates -Expansion","24-Jan-2026 12:49:03","2026-01-24 12:49:03","24-Jan-2026 12:49:03","00:00:00","https://nsearchives.nseindia.com/corporate/COMSYN1984_24012026124812_SE_Letter_Outcome_BM.pdf"
"PARAS","Paras Defence and Space Technologies Limited","Copy of Newspaper Publication","Paras Defence And Space Technologies Limited has submitted to the Exchange, copy of Newspaper Publication of Unaudited Financial Results (Standalone and Consolidated) for quarter and period ended December 31, 2025 under Regulation 47 of SEBI (Listing Obligations and Disclosure Requirements), Regulations, 2015","24-Jan-2026 12:48:59","2026-01-24 12:48:59","24-Jan-2026 12:49:00","00:00:01","https://nsearchives.nseindia.com/corporate/PARAS_24012026124753_NewspaperAdDec25.pdf"
"SPECTRUM","Spectrum Electrical Industries Limited","Copy of Newspaper Publication","Spectrum Electrical Industries Limited has informed the Exchange about Copy of Newspaper Publication","24-Jan-2026 12:47:35","2026-01-24 12:47:35","24-Jan-2026 12:47:36","00:00:01","https://nsearchives.nseindia.com/corporate/SPECTRUM_24012026124711_Newspepar_Intimation.pdf"
"DPABHUSHAN","D. P. Abhushan Limited","Investor Presentation","D. P. Abhushan Limited has informed the Exchange about Investor Presentation","24-Jan-2026 12:46:36","2026-01-24 12:46:36","24-Jan-2026 12:46:37","00:00:01","https://nsearchives.nseindia.com/corporate/DPABHUSHAN_24012026124622_DP_Abhushan_Q3FY26_Investor_Presentation.pdf"
"SKIPPER","Skipper Limited","Analysts/Institutional Investor Meet/Con. Call Updates","Skipper Limited has informed the Exchange about Schedule of meet","24-Jan-2026 12:42:45","2026-01-24 12:42:45","24-Jan-2026 12:42:46","00:00:01","https://nsearchives.nseindia.com/corporate/skipper_24012026124217_Investor_Meet_Schedule_Intimation.pdf"
"HARSHA","Harsha Engineers International Limited","Analysts/Institutional Investor Meet/Con. Call Updates","Harsha Engineers International Limited has informed the Exchange about Schedule of meet","24-Jan-2026 12:42:01","2026-01-24 12:42:01","24-Jan-2026 12:42:01","00:00:00","https://nsearchives.nseindia.com/corporate/Harsha_24012026124150_HEIL_Earning_Call_31122025.pdf"
"INNOVACAP","Innova Captab Limited","Copy of Newspaper Publication","Innova Captab Limited has informed the Exchange about Copy of Newspaper Publication","24-Jan-2026 12:39:22","2026-01-24 12:39:22","24-Jan-2026 12:39:23","00:00:01","https://nsearchives.nseindia.com/corporate/INNOVACAPTAB_24012026123903_Newspaper_intimation_with_clippings_signed.pdf"
"COMSYN","Commercial Syn Bags Limited","Outcome of Board Meeting","Commercial Syn Bags Limited has informed the Exchange regarding  Board meeting held on January 24, 2026.","24-Jan-2026 12:39:09","2026-01-24 12:39:09","24-Jan-2026 12:39:10","00:00:01","https://nsearchives.nseindia.com/corporate/COMSYN1984_24012026123821_SE_Letter_Outcome_BM.pdf"
"ZIMLAB","Zim Laboratories Limited","Copy of Newspaper Publication","Zim Laboratories Limited has informed the Exchange about Copy of Newspaper Publication","24-Jan-2026 12:34:26","2026-01-24 12:34:26","24-Jan-2026 12:34:27","00:00:01","https://nsearchives.nseindia.com/corporate/ZIMLAB_24012026123414_Discl_Reg30_NPPublication_24012026.pdf"
"ORIENTELEC","Orient Electric Limited","Copy of Newspaper Publication","Orient Electric Limited has informed the Exchange about Copy of Newspaper Publications w.r.t Postal Ballot.","24-Jan-2026 12:24:31","2026-01-24 12:24:31","24-Jan-2026 12:24:33","00:00:02","https://nsearchives.nseindia.com/corporate/OEL_24012026122422_PostalBallotNewspaperAdvtSEIntimation_2026.pdf"
"JIOFIN","Jio Financial Services Limited","Incorporation","Incorporation of a wholly owned subsidiary of the Company named  Jio Alternative Investment Manager Limited.""","24-Jan-2026 12:20:36","2026-01-24 12:20:36","24-Jan-2026 12:20:37","00:00:01","https://nsearchives.nseindia.com/corporate/JIOFINANCIAL_24012026121902_JFSL_.pdf"
"JSWINFRA","JSW Infrastructure Limited","Incorporation","JSW Infrastructure Limited has informed the Exchange about Incorporation of step down wholly owned subsidiary- Khurja Rail Terminal Private Limited","24-Jan-2026 12:11:21","2026-01-24 12:11:21","24-Jan-2026 12:11:22","00:00:01","https://nsearchives.nseindia.com/corporate/JSWINFRA_24012026121102_SE_Intimation_Reg_30_CA_-_Khurja.pdf"
"ZENSARTECH","Zensar Technologies Limited","Copy of Newspaper Publication","Zensar Technologies Limited has informed the Exchange about Copy of Newspaper Publication","24-Jan-2026 12:10:56","2026-01-24 12:10:56","24-Jan-2026 12:10:57","00:00:01","https://nsearchives.nseindia.com/corporate/ZENSARTECH_24012026120928_SE_Intimation_Newspaper_publication.pdf"
"REPCOHOME","Repco Home Finance Limited","Analysts/Institutional Investor Meet/Con. Call Updates","Repco Home Finance Limited has informed the Exchange about Schedule of meet","24-Jan-2026 11:59:06","2026-01-24 11:59:06","24-Jan-2026 11:59:07","00:00:01","https://nsearchives.nseindia.com/corporate/REPCOHOME_24012026115900_Concall.pdf"
"CYBERMEDIA","Cyber Media (India) Limited","Outcome of Board Meeting","Intimation under Regulation 30 of SEBI (Listing Obligations and Disclosure Requirements) Regulations, 2015 - Approval of Scheme of Amalgamation","24-Jan-2026 11:55:00","2026-01-24 11:55:00","24-Jan-2026 11:55:01","00:00:01","https://nsearchives.nseindia.com/corporate/CYBERMEDIA_24012026115256_cmilreg30merger.pdf"
"INDUSINDBK","IndusInd Bank Limited","General Updates","Indusind Bank Limited has informed the Exchange about Newspaper Clippings","24-Jan-2026 11:47:52","2026-01-24 11:47:52","24-Jan-2026 11:47:52","00:00:00","https://nsearchives.nseindia.com/corporate/INDUSINDBK3_24012026114736_SENewspaperAdvertisement.pdf"
"CYBERMEDIA","Cyber Media (India) Limited","Outcome of Board Meeting","Cyber Media (India) Limited has submitted to the Exchange, the financial results for the period ended December 31, 2025.","24-Jan-2026 11:43:29","2026-01-24 11:43:29","24-Jan-2026 11:43:30","00:00:01","https://nsearchives.nseindia.com/corporate/CYBERMEDIA_24012026114006_cmilquickresults311225.pdf"
"REPCOHOME","Repco Home Finance Limited","Record Date","Repco Home Finance Limited has informed the Exchange that Record date for the purpose of Dividend  is 06-Feb-2026.","24-Jan-2026 11:36:56","2026-01-24 11:36:56","24-Jan-2026 11:36:57","00:00:01","https://nsearchives.nseindia.com/corporate/REPCOHOME_24012026113539_Intimation.pdf"
"KAKATCEM","Kakatiya Cement Sugar & Industries Limited","Updates","Kakatiya Cement Sugar & Industries Limited has informed the Exchange regarding 'Certificate under Regulation 54(5) of SEBI (Depositories and Participants) Regulations, 1996 for the quarter ended December 31, 2025.'.","24-Jan-2026 11:36:09","2026-01-24 11:36:09","24-Jan-2026 11:36:10","00:00:01","https://nsearchives.nseindia.com/corporate/KAKATCEM_24012026113557_NSE54531122025.pdf"
"TATVA","Tatva Chintan Pharma Chem Limited","Analysts/Institutional Investor Meet/Con. Call Updates","Tatva Chintan Pharma Chem Limited has informed the Exchange about Transcript","24-Jan-2026 11:18:18","2026-01-24 11:18:18","24-Jan-2026 11:18:20","00:00:02","https://nsearchives.nseindia.com/corporate/TATVA_24012026111809_TF.pdf"
"PICCADIL","Piccadily Agro Industries Limited","Copy of Newspaper Publication","Piccadily Agro Industries Limited has informed the Exchange about Copy of Newspaper Publication of Unaudited Financial Results for the Quarter & Nine Months ended on 31st December, 2025","24-Jan-2026 11:15:59","2026-01-24 11:15:59","24-Jan-2026 11:16:00","00:00:01","https://nsearchives.nseindia.com/corporate/CSPICCADILY_24012026111549_AGRO_NEWS240126_FINAL.pdf"
"UBL","United Breweries Limited","Updates","United Breweries Limited has informed the Exchange regarding 'Intimation under Regulation 30 of SEBI LODR Regulations 2015-Productivity and Cost Effectiveness Program'.","24-Jan-2026 10:52:21","2026-01-24 10:52:21","24-Jan-2026 10:52:22","00:00:01","https://nsearchives.nseindia.com/corporate/UBLSJR_24012026105123_DisclosureonProductivity24012026.pdf"
"GHCLTEXTIL","GHCL Textiles Limited","Analysts/Institutional Investor Meet/Con. Call Updates","Ghcl Textiles Limited has informed the Exchange about Schedule of meet","24-Jan-2026 10:47:02","2026-01-24 10:47:02","24-Jan-2026 10:47:04","00:00:02","https://nsearchives.nseindia.com/corporate/GHCLTEXTILES_24012026104634_GHCL_Textiles_Investor_Meet_30_01_2026.pdf"
"SONACOMS","Sona BLW Precision Forgings Limited","Analysts/Institutional Investor Meet/Con. Call Updates","Sona Blw Precision Forgings Limited has informed the Exchange about Link of Recording","24-Jan-2026 10:31:40","2026-01-24 10:31:40","24-Jan-2026 10:31:42","00:00:02","https://nsearchives.nseindia.com/corporate/SONACOMS_24012026102819_IntimationRecording.pdf"
"ADANIPOWER","Adani Power Limited","News Verification","The Exchange has sought clarification from Adani Power Limited with respect to recent news item captioned US regulator seeking measures to serve Gautam, Sagar Adani legal summons, Bloomberg reports.  The response from the Company is attached.","24-Jan-2026 08:28:06","2026-01-24 08:28:06","24-Jan-2026 08:28:07","00:00:01","https://nsearchives.nseindia.com/corporate/ADANIPOWER_24012026082748_APLClarificationonNewsItem230126.pdf"
"TEGA","Tega Industries Limited","General Updates","Tega Industries Limited has informed the Exchange about intimation pursuant to Reg. 30 of the SEBI LODR Regulations, 2015.","24-Jan-2026 08:21:03","2026-01-24 08:21:03","24-Jan-2026 08:21:04","00:00:01","https://nsearchives.nseindia.com/corporate/TEGA_24012026082040_Intimation_under_Reg_30_SEBI_LODR_sd.pdf"
"ADANIENSOL","Adani Energy Solutions Limited","News Verification","The Exchange has sought clarification from Adani Energy Solutions Limited with respect to recent news item captioned US regulator seeking measures to serve Gautam, Sagar Adani legal summons, Bloomberg reports.  The response from the Company is attached.","24-Jan-2026 00:36:07","2026-01-24 00:36:07","24-Jan-2026 00:36:08","00:00:01","https://nsearchives.nseindia.com/corporate/ADANITRANS_24012026003024_AESL_-_Reply.pdf"
"ADANIENT","Adani Enterprises Limited","News Verification","The Exchange has sought clarification from Adani Enterprises Limited with respect to recent news item captioned US regulator seeking measures to serve Gautam, Sagar Adani legal summons, Bloomberg reports.  The response from the Company is attached.","24-Jan-2026 00:14:50","2026-01-24 00:14:50","24-Jan-2026 00:14:51","00:00:01","https://nsearchives.nseindia.com/corporate/ADANIENT_24012026001441_Reg30Rumourverification23012025.pdf"
"ADANIPORTS","Adani Ports and Special Economic Zone Limited","News Verification","The Exchange has sought clarification from Adani Ports and Special Economic Zone Limited with respect to recent news item captioned US regulator seeking measures to serve Gautam, Sagar Adani legal summons, Bloomberg reports.  The response from the Company is attached.","24-Jan-2026 00:08:34","2026-01-24 00:08:34","24-Jan-2026 00:08:34","00:00:00","https://nsearchives.nseindia.com/corporate/rkbhagia_24012026000821_APSEZSEIntimation.pdf"
"ATGL","Adani Total Gas Limited","News Verification","The Exchange has sought clarification from Adani Total Gas Limited with respect to recent news item captioned US regulator seeking measures to serve Gautam, Sagar Adani legal summons, Bloomberg reports.  The response from the Company is attached.","24-Jan-2026 00:02:57","2026-01-24 00:02:57","24-Jan-2026 00:02:58","00:00:01","https://nsearchives.nseindia.com/corporate/ATGL2024_24012026000205_ATGL_Clarification_News_Article_23012026.pdf"